{
  "trade_count": 132,
  "saved_at": "2026-03-22T17:24:56.423155",
  "metrics": {
    "trend": {
      "trades": 116,
      "wins": 42,
      "total_win_r": 90.82189999999999,
      "total_loss_r": 32.337500000000006,
      "total_pnl": -3135.0000000000014,
      "total_slippage_pct": 5.998420909218373,
      "r_window": [
        -0.0291,
        -0.0218,
        -0.0192,
        -0.0144,
        -0.0193,
        -0.0171,
        1.5664,
        1.9671,
        0.719,
        -1.543,
        -1.3464,
        2.9277,
        3.7218,
        -0.0296,
        -0.0271,
        -0.0196,
        -0.0144,
        -0.0112,
        -0.0224,
        -0.0267,
        1.5588,
        1.9559,
        0.7223,
        -1.5428,
        -1.3439,
        2.9237,
        3.6685,
        -0.0318,
        -0.0245,
        -0.022,
        -0.0191,
        -0.0207,
        -0.0208,
        -0.0194,
        1.5743,
        1.9522,
        0.7012,
        -1.5527,
        -1.3537,
        2.9294,
        3.7292,
        -0.0339,
        -0.017,
        -0.0195,
        -0.0207,
        -0.016,
        -0.0129,
        -0.0295,
        1.5722,
        1.9562
      ]
    },
    "momentum_breakout": {
      "trades": 90,
      "wins": 16,
      "total_win_r": 53.23960000000001,
      "total_loss_r": 32.337500000000006,
      "total_pnl": -3906.3500000000013,
      "total_slippage_pct": 4.603507675798877,
      "r_window": [
        -0.0146,
        -0.0339,
        -0.0176,
        -0.0208,
        -0.0161,
        -0.0315,
        -1.5516,
        -1.3552,
        2.964,
        3.6705,
        -0.0315,
        -0.0291,
        -0.0218,
        -0.0192,
        -0.0144,
        -0.0193,
        -0.0171,
        -1.543,
        -1.3464,
        2.9277,
        3.7218,
        -0.0296,
        -0.0271,
        -0.0196,
        -0.0144,
        -0.0112,
        -0.0224,
        -0.0267,
        -1.5428,
        -1.3439,
        2.9237,
        3.6685,
        -0.0318,
        -0.0245,
        -0.022,
        -0.0191,
        -0.0207,
        -0.0208,
        -0.0194,
        -1.5527,
        -1.3537,
        2.9294,
        3.7292,
        -0.0339,
        -0.017,
        -0.0195,
        -0.0207,
        -0.016,
        -0.0129,
        -0.0295
      ]
    },
    "TrendModel": {
      "trades": 16,
      "wins": 16,
      "total_win_r": 10.925900000000002,
      "total_loss_r": 0.0,
      "total_pnl": 223.66999999999996,
      "total_slippage_pct": 0.796699765767742,
      "r_window": [
        0.4307,
        0.9272,
        0.4324,
        0.9394,
        0.4313,
        0.9278,
        0.4238,
        0.9241,
        0.4499,
        0.9459,
        0.431,
        0.9421,
        0.4454,
        0.901,
        0.4433,
        0.9306
      ]
    }
  },
  "portfolio": {
    "trades": 132,
    "wins": 58,
    "total_win_r": 101.74779999999997,
    "total_loss_r": 32.337500000000006,
    "total_pnl": -2911.3300000000017,
    "total_slippage_pct": 6.795120674986115,
    "r_window": [
      1.5664,
      1.9671,
      0.719,
      -1.543,
      -1.3464,
      2.9277,
      3.7218,
      -0.0296,
      -0.0271,
      -0.0196,
      -0.0144,
      -0.0112,
      -0.0224,
      -0.0267,
      0.431,
      0.9421,
      1.5588,
      1.9559,
      0.7223,
      -1.5428,
      -1.3439,
      2.9237,
      3.6685,
      -0.0318,
      -0.0245,
      -0.022,
      -0.0191,
      -0.0207,
      -0.0208,
      -0.0194,
      0.4454,
      0.901,
      1.5743,
      1.9522,
      0.7012,
      -1.5527,
      -1.3537,
      2.9294,
      3.7292,
      -0.0339,
      -0.017,
      -0.0195,
      -0.0207,
      -0.016,
      -0.0129,
      -0.0295,
      0.4433,
      0.9306,
      1.5722,
      1.9562
    ]
  }
}